<?xml version="1.0" encoding="utf-8"?>
<xd:acceleratorMap xmlns:xd="http://www.xilinx.com/xidane" xd:functionName="stream_adder" xd:componentRef="stream_adder" xd:initiationInterval="2" xd:clockPeriod="10.000" xd:sequential="true" xd:hostMachine="64" xd:reset="control">
  <xd:arg xd:name="input_data_V" xd:originalName="input_data_V" xd:direction="in" xd:interfaceRef="input_r" xd:busTypeRef="axis"/>
  <xd:arg xd:name="input_dest_V" xd:originalName="input_dest_V" xd:direction="in" xd:interfaceRef="input_r" xd:busTypeRef="axis"/>
  <xd:arg xd:name="input_keep_V" xd:originalName="input_keep_V" xd:direction="in" xd:interfaceRef="input_r" xd:busTypeRef="axis"/>
  <xd:arg xd:name="input_strb_V" xd:originalName="input_strb_V" xd:direction="in" xd:interfaceRef="input_r" xd:busTypeRef="axis"/>
  <xd:arg xd:name="input_user_V" xd:originalName="input_user_V" xd:direction="in" xd:interfaceRef="input_r" xd:busTypeRef="axis"/>
  <xd:arg xd:name="input_last_V" xd:originalName="input_last_V" xd:direction="in" xd:interfaceRef="input_r" xd:busTypeRef="axis"/>
  <xd:arg xd:name="input_id_V" xd:originalName="input_id_V" xd:direction="in" xd:interfaceRef="input_r" xd:busTypeRef="axis"/>
  <xd:arg xd:name="output_data_V" xd:originalName="output_data_V" xd:direction="out" xd:interfaceRef="output_r" xd:busTypeRef="axis"/>
  <xd:arg xd:name="output_dest_V" xd:originalName="output_dest_V" xd:direction="out" xd:interfaceRef="output_r" xd:busTypeRef="axis"/>
  <xd:arg xd:name="output_keep_V" xd:originalName="output_keep_V" xd:direction="out" xd:interfaceRef="output_r" xd:busTypeRef="axis"/>
  <xd:arg xd:name="output_strb_V" xd:originalName="output_strb_V" xd:direction="out" xd:interfaceRef="output_r" xd:busTypeRef="axis"/>
  <xd:arg xd:name="output_user_V" xd:originalName="output_user_V" xd:direction="out" xd:interfaceRef="output_r" xd:busTypeRef="axis"/>
  <xd:arg xd:name="output_last_V" xd:originalName="output_last_V" xd:direction="out" xd:interfaceRef="output_r" xd:busTypeRef="axis"/>
  <xd:arg xd:name="output_id_V" xd:originalName="output_id_V" xd:direction="out" xd:interfaceRef="output_r" xd:busTypeRef="axis"/>
  <xd:latencyEstimates xd:best-case="1" xd:worst-case="1" xd:average-case="1"/>
  <xd:resourceEstimates xd:LUT="73" xd:FF="2" xd:BRAM="0" xd:DSP="0"/>
</xd:acceleratorMap>
