<?xml version="1.0" encoding="utf-8"?>
<xd:acceleratorMap xmlns:xd="http://www.xilinx.com/xidane" xd:functionName="stream_adder" xd:componentRef="stream_adder" xd:initiationInterval="7" xd:clockPeriod="10.000" xd:sequential="true" xd:hostMachine="64" xd:reset="control">
  <xd:arg xd:name="input-&gt;data" xd:originalName="input" xd:direction="in" xd:interfaceRef="input_r" xd:busTypeRef="axis" xd:dataWidth="64"/>
  <xd:arg xd:name="input-&gt;keep" xd:originalName="input" xd:direction="in" xd:interfaceRef="input_r" xd:busTypeRef="axis" xd:dataWidth="8"/>
  <xd:arg xd:name="input-&gt;strb" xd:originalName="input" xd:direction="in" xd:interfaceRef="input_r" xd:busTypeRef="axis" xd:dataWidth="8"/>
  <xd:arg xd:name="input-&gt;user" xd:originalName="input" xd:direction="in" xd:interfaceRef="input_r" xd:busTypeRef="axis" xd:dataWidth="1"/>
  <xd:arg xd:name="input-&gt;last" xd:originalName="input" xd:direction="in" xd:interfaceRef="input_r" xd:busTypeRef="axis" xd:dataWidth="1"/>
  <xd:arg xd:name="input-&gt;id" xd:originalName="input" xd:direction="in" xd:interfaceRef="input_r" xd:busTypeRef="axis" xd:dataWidth="1"/>
  <xd:arg xd:name="input-&gt;dest" xd:originalName="input" xd:direction="in" xd:interfaceRef="input_r" xd:busTypeRef="axis" xd:dataWidth="1"/>
  <xd:arg xd:name="output-&gt;data" xd:originalName="output" xd:direction="out" xd:interfaceRef="output_r" xd:busTypeRef="axis" xd:dataWidth="64"/>
  <xd:arg xd:name="output-&gt;keep" xd:originalName="output" xd:direction="out" xd:interfaceRef="output_r" xd:busTypeRef="axis" xd:dataWidth="8"/>
  <xd:arg xd:name="output-&gt;strb" xd:originalName="output" xd:direction="out" xd:interfaceRef="output_r" xd:busTypeRef="axis" xd:dataWidth="8"/>
  <xd:arg xd:name="output-&gt;user" xd:originalName="output" xd:direction="out" xd:interfaceRef="output_r" xd:busTypeRef="axis" xd:dataWidth="1"/>
  <xd:arg xd:name="output-&gt;last" xd:originalName="output" xd:direction="out" xd:interfaceRef="output_r" xd:busTypeRef="axis" xd:dataWidth="1"/>
  <xd:arg xd:name="output-&gt;id" xd:originalName="output" xd:direction="out" xd:interfaceRef="output_r" xd:busTypeRef="axis" xd:dataWidth="1"/>
  <xd:arg xd:name="output-&gt;dest" xd:originalName="output" xd:direction="out" xd:interfaceRef="output_r" xd:busTypeRef="axis" xd:dataWidth="1"/>
  <xd:arg xd:name="mult" xd:originalName="mult" xd:direction="in" xd:interfaceRef="s_axi_AXILiteS" xd:busTypeRef="axilite" xd:offset="0x10" xd:handshakeRef="ap_none" xd:dataWidth="64"/>
  <xd:latencyEstimates xd:best-case="6" xd:worst-case="6" xd:average-case="6"/>
  <xd:resourceEstimates xd:LUT="1029" xd:FF="1057" xd:BRAM="0" xd:DSP="7"/>
</xd:acceleratorMap>
