<?xml version="1.0" encoding="UTF-8"?>
<GenRun Id="design_1_stream_adder_0_1_synth_1" LaunchPart="xc7z020clg400-1" LaunchTime="1582413911">
  <File Type="PA-TCL" Name="design_1_stream_adder_0_1.tcl"/>
  <File Type="REPORTS-TCL" Name="design_1_stream_adder_0_1_reports.tcl"/>
  <File Type="RDS-RDS" Name="design_1_stream_adder_0_1.vds"/>
  <File Type="RDS-UTIL" Name="design_1_stream_adder_0_1_utilization_synth.rpt"/>
  <File Type="RDS-DCP" Name="design_1_stream_adder_0_1.dcp"/>
  <File Type="RDS-UTIL-PB" Name="design_1_stream_adder_0_1_utilization_synth.pb"/>
  <FileSet Name="sources" Type="BlockSrcs" RelSrcDir="$PSRCDIR/design_1_stream_adder_0_1">
    <File Path="$PSRCDIR/sources_1/bd/design_1/ip/design_1_stream_adder_0_1/design_1_stream_adder_0_1.xci">
      <FileInfo>
        <Attr Name="ImportPath" Val="$PPRDIR/../../../../project_1/project_1.srcs/sources_1/bd/design_1/ip/design_1_stream_adder_0_1/design_1_stream_adder_0_1.xci"/>
        <Attr Name="ImportTime" Val="1582413428"/>
        <Attr Name="UsedIn" Val="synthesis"/>
        <Attr Name="UsedIn" Val="implementation"/>
        <Attr Name="UsedIn" Val="simulation"/>
      </FileInfo>
    </File>
    <Config>
      <Option Name="TopModule" Val="design_1_stream_adder_0_1"/>
      <Option Name="UseBlackboxStub" Val="1"/>
    </Config>
  </FileSet>
  <FileSet Name="constrs_in" Type="BlockSrcs" RelSrcDir="$PSRCDIR/design_1_stream_adder_0_1">
    <File Path="$PSRCDIR/sources_1/bd/design_1/ip/design_1_stream_adder_0_1/design_1_stream_adder_0_1.xci">
      <FileInfo>
        <Attr Name="ImportPath" Val="$PPRDIR/../../../../project_1/project_1.srcs/sources_1/bd/design_1/ip/design_1_stream_adder_0_1/design_1_stream_adder_0_1.xci"/>
        <Attr Name="ImportTime" Val="1582413428"/>
        <Attr Name="UsedIn" Val="synthesis"/>
        <Attr Name="UsedIn" Val="implementation"/>
        <Attr Name="UsedIn" Val="simulation"/>
      </FileInfo>
    </File>
    <Config>
      <Option Name="TopModule" Val="design_1_stream_adder_0_1"/>
      <Option Name="UseBlackboxStub" Val="1"/>
    </Config>
  </FileSet>
  <FileSet Name="utils" Type="Utils" RelSrcDir="$PSRCDIR/utils_1">
    <Filter Type="Utils"/>
    <Config>
      <Option Name="TopAutoSet" Val="TRUE"/>
    </Config>
  </FileSet>
  <Strategy Version="1" Minor="2">
    <StratHandle Name="Vivado Synthesis Defaults" Flow="Vivado Synthesis 2019"/>
    <Step Id="synth_design"/>
  </Strategy>
</GenRun>
